file,time
img_yehliu_c0_0.jpg,2012/02/14 22:17:15
img_yehliu_c0_1.jpg,2015/11/05 10:47:37
img_yehliu_c0_2.jpg,2018/01/16 19:38:13
img_yehliu_c0_3.jpg,2018/04/03 11:19:31
img_yehliu_c0_4.jpg,2018/05/15 16:24:00
img_yehliu_c0_5.jpg,2018/08/12 00:59:58
img_yehliu_c0_6.jpg,2018/10/22 21:22:47
img_yehliu_c0_7.jpg,2018/12/29 07:09:19
img_yehliu_c1_0.jpg,2012/07/08 10:56:57
img_yehliu_c1_1.jpg,2012/11/24 22:55:38
img_yehliu_c1_2.jpg,2013/10/26 14:28:11
img_yehliu_c1_3.jpg,2014/02/06 16:02:25
img_yehliu_c1_4.jpg,2014/12/25 03:23:44
img_yehliu_c1_5.jpg,2015/10/16 19:13:35
img_yehliu_c1_6.jpg,2016/11/16 01:09:09
img_yehliu_c1_7.jpg,2016/12/30 11:33:08
img_yehliu_c1_8.jpg,2017/03/22 00:30:18
img_yehliu_c1_9.jpg,2017/03/22 00:30:18
img_yehliu_c1_10.jpg,2017/04/04 16:03:34
img_yehliu_c1_11.jpg,2017/05/30 00:26:05
img_yehliu_c1_12.jpg,2017/07/11 12:33:56
img_yehliu_c1_13.jpg,2017/09/09 00:18:26
img_yehliu_c1_14.jpg,2017/11/27 17:54:59
img_yehliu_c1_15.jpg,2017/12/25 17:08:05
img_yehliu_c1_16.jpg,2018/03/08 15:29:46
img_yehliu_c1_17.jpg,2018/04/03 13:30:05
img_yehliu_c1_18.jpg,2018/04/03 13:30:25
img_yehliu_c1_19.jpg,2018/04/03 13:30:34
img_yehliu_c1_20.jpg,2018/10/19 19:18:10
img_yehliu_c1_21.jpg,2018/10/23 11:07:32
img_yehliu_c1_22.jpg,2018/10/23 11:09:33
img_yehliu_c1_23.jpg,2018/12/29 22:45:15
img_yehliu_c1_24.jpg,2019/03/23 10:06:58
